id,name
1,UNUb
2,pBno2
3,nFl5
4,RouMd
5,pzq3M
6,F1joI
7,XbnJe
8,oZGCg
9,ARMNN
10,Mw4b
11,8pBqk
12,fXcqe
13,Lfg1P
14,lhHTL
15,Omvs1
16,a7p58
17,r5pUm
18,A2bDj
19,hhpoa
20,7BjFn
21,VmAiG
22,tkEKh
23,E4dUP
24,rmJuQ
25,TCZbR
26,1albH
27,zYU2
28,snkYY
29,suTxg
30,BPtcb
31,cXF41
32,pV2BY
33,A3OnV
34,OGa1w
35,1kSMJ
36,Zfqlj
37,tpZk
38,1g8UJ
39,XmDEA
40,rltd
41,xlphZ
42,Z7im
43,iCDiu
44,PbCOW
45,dEbIb
46,D1nDl
47,s2yJb
48,pAcoK
49,pxeTG
50,AAI4h
51,x8MzH
52,P5A4z
53,NoteY
54,wurzK
55,3PB
56,GA4hw
57,cGwQ7
58,6x3xt
59,ucIPh
60,zdDRD
61,fMlfM
62,NNfJW
63,DNu1v
64,tXUom
65,gJqQq
66,yhv41
67,ZbFdi
68,kSWqt
69,LV87N
70,vrCiG
71,Qpi8
72,AygWu
73,OwFS
74,FQCu
75,X8VW6
76,Bkp6t
77,XOK8O
78,JzfRo
79,AS5Yp
80,Ow8jS
81,8RWW
82,Op6n
83,uV36U
84,IHmOr
85,Bgby7
86,sfurp
87,erpWg
88,eDweB
89,KzoEx
90,bf7oU
91,pR3sh
92,1Lnn5
93,EsnVh
94,v1MS7
95,fvxv2
96,Wx8VM
97,TcvOw
98,EGSU
99,5pfkc
100,oG42r
